{"cameraMode":{"drawMode":0,"name":"Shaded","section":"Shading Mode"},"sceneLighting":true,"audioPlay":false,"sceneViewState":{"m_AlwaysRefresh":false,"showFog":true,"showSkybox":true,"showFlares":true,"showImageEffects":true,"showParticleSystems":true,"showVisualEffectGraphs":true,"m_FxEnabled":true},"in2DMode":false,"pivot":{"x":8.016021728515625,"y":2.5937232971191408,"z":52.35966110229492},"rotation":{"x":0.05743808671832085,"y":0.7091438174247742,"z":-0.05824173986911774,"w":0.7001928687095642},"size":1.6644033193588257,"orthographic":false}